theta0,theta1
0,0
6353.51,-0.00021449
6375.09,-0.00042788
6396.57,-0.000640178
6417.96,-0.000851388
6439.25,-0.00106152
6460.45,-0.00127057
6481.55,-0.00147855
6502.55,-0.00168546
6523.46,-0.00189132
6544.28,-0.00209612
6565,-0.00229987
6585.63,-0.00250258
6606.16,-0.00270425
6626.6,-0.00290488
6646.95,-0.00310449
6667.21,-0.00330308
6687.37,-0.00350064
6707.45,-0.0036972
6727.43,-0.00389275
6747.32,-0.0040873
6767.12,-0.00428085
6786.83,-0.00447341
6806.45,-0.00466498
6825.99,-0.00485557
6845.43,-0.00504519
6864.78,-0.00523383
6884.05,-0.00542151
6903.22,-0.00560822
6922.31,-0.00579398
6941.32,-0.00597879
6960.23,-0.00616265
6979.06,-0.00634557
6997.8,-0.00652755
7016.46,-0.0067086
7035.03,-0.00688872
7053.51,-0.00706792
7071.91,-0.0072462
7090.23,-0.00742357
7108.46,-0.00760003
7126.61,-0.00777558
7144.67,-0.00795024
7162.65,-0.008124
7180.55,-0.00829687
7198.36,-0.00846886
7216.1,-0.00863996
7233.75,-0.00881019
7251.32,-0.00897954
7268.8,-0.00914803
7286.21,-0.00931566
7303.54,-0.00948242
7320.78,-0.00964833
7337.95,-0.0098134
7355.04,-0.00997761
7372.04,-0.010141
7388.97,-0.0103035
7405.82,-0.0104652
7422.59,-0.0106261
7439.28,-0.0107862
7455.9,-0.0109454
7472.43,-0.0111038
7488.9,-0.0112614
7505.28,-0.0114182
7521.59,-0.0115742
7537.82,-0.0117294
7553.97,-0.0118838
7570.05,-0.0120374
7586.06,-0.0121902
7601.99,-0.0123423
7617.84,-0.0124935
7633.62,-0.012644
7649.33,-0.0127937
7664.96,-0.0129427
7680.52,-0.0130909
7696.01,-0.0132383
7711.43,-0.013385
7726.77,-0.0135309
7742.04,-0.0136761
7757.24,-0.0138205
7772.36,-0.0139642
7787.42,-0.0141071
7802.4,-0.0142493
7817.32,-0.0143908
7832.16,-0.0145316
7846.93,-0.0146716
7861.64,-0.014811
7876.27,-0.0149496
7890.84,-0.0150875
7905.33,-0.0152247
7919.76,-0.0153612
7934.12,-0.015497
7948.42,-0.0156321
7962.64,-0.0157665
7976.8,-0.0159002
7990.89,-0.0160332
8004.91,-0.0161656
8018.87,-0.0162973
8032.76,-0.0164283
8046.58,-0.0165586
8060.34,-0.0166883
8074.04,-0.0168173
8087.67,-0.0169456
8101.23,-0.0170733
8114.73,-0.0172003
8128.17,-0.0173267
8141.54,-0.0174524
8154.84,-0.0175775
8168.09,-0.0177019
8181.27,-0.0178257
8194.39,-0.0179489
8207.45,-0.0180714
8220.44,-0.0181933
8233.37,-0.0183146
8246.24,-0.0184353
8259.05,-0.0185553
8271.8,-0.0186748
8284.48,-0.0187936
8297.11,-0.0189118
8309.68,-0.0190294
8322.18,-0.0191464
8334.63,-0.0192628
8347.01,-0.0193786
8359.34,-0.0194938
8371.61,-0.0196085
8383.82,-0.0197225
8395.97,-0.0198359
8408.06,-0.0199488
8420.09,-0.0200611
8432.07,-0.0201728
8443.99,-0.020284
8455.85,-0.0203945
8467.65,-0.0205046
8479.4,-0.020614
8491.09,-0.0207229
8502.73,-0.0208312
8514.31,-0.020939
8525.83,-0.0210462
8537.3,-0.0211529
8548.71,-0.021259
8560.07,-0.0213646
8571.37,-0.0214696
8582.62,-0.0215741
8593.82,-0.0216781
8604.96,-0.0217815
8616.04,-0.0218844
8627.08,-0.0219868
8638.06,-0.0220887
8648.98,-0.02219
8659.86,-0.0222908
8670.68,-0.0223911
8681.45,-0.0224909
8692.17,-0.0225901
8702.83,-0.0226889
8713.44,-0.0227872
8724.01,-0.0228849
8734.52,-0.0229822
8744.98,-0.0230789
8755.39,-0.0231752
8765.75,-0.0232709
8776.06,-0.0233662
8786.31,-0.023461
8796.52,-0.0235553
8806.68,-0.0236491
8816.79,-0.0237425
8826.85,-0.0238353
8836.87,-0.0239277
8846.83,-0.0240196
8856.75,-0.024111
8866.61,-0.024202
8876.43,-0.0242925
8886.2,-0.0243826
8895.93,-0.0244721
8905.6,-0.0245613
8915.23,-0.0246499
8924.82,-0.0247381
8934.35,-0.0248259
8943.84,-0.0249132
8953.28,-0.0250001
8962.68,-0.0250865
8972.03,-0.0251725
8981.34,-0.025258
8990.6,-0.0253431
8999.82,-0.0254277
9008.99,-0.025512
9018.11,-0.0255958
9027.19,-0.0256791
9036.23,-0.0257621
9045.22,-0.0258446
9054.17,-0.0259267
9063.07,-0.0260083
9071.94,-0.0260896
9080.75,-0.0261704
9089.53,-0.0262508
9098.26,-0.0263308
9106.95,-0.0264104
9115.6,-0.0264896
9124.2,-0.0265684
9132.76,-0.0266468
9141.28,-0.0267248
9149.76,-0.0268024
9158.2,-0.0268795
9166.59,-0.0269563
9174.95,-0.0270327
9183.26,-0.0271087
9191.54,-0.0271843
9199.77,-0.0272596
9207.96,-0.0273344
9216.11,-0.0274089
9224.22,-0.0274829
9232.29,-0.0275566
9240.33,-0.0276299
9248.32,-0.0277029
9256.27,-0.0277755
9264.19,-0.0278477
9272.06,-0.0279195
9279.9,-0.0279909
9287.7,-0.028062
9295.46,-0.0281328
9303.18,-0.0282031
9310.86,-0.0282731
9318.51,-0.0283428
9326.12,-0.0284121
9333.69,-0.028481
9341.22,-0.0285496
9348.72,-0.0286178
9356.18,-0.0286857
9363.6,-0.0287532
9370.98,-0.0288204
9378.33,-0.0288873
9385.65,-0.0289538
9392.92,-0.0290199
9400.17,-0.0290858
9407.37,-0.0291512
9414.54,-0.0292164
9421.68,-0.0292812
9428.78,-0.0293457
9435.84,-0.0294099
9442.87,-0.0294737
9449.86,-0.0295372
9456.82,-0.0296003
9463.75,-0.0296632
9470.64,-0.0297257
9477.5,-0.0297879
9484.32,-0.0298498
9491.11,-0.0299114
9497.87,-0.0299726
9504.59,-0.0300336
9511.28,-0.0300942
9517.94,-0.0301545
9524.56,-0.0302145
9531.15,-0.0302742
9537.71,-0.0303336
9544.24,-0.0303927
9550.73,-0.0304515
9557.19,-0.03051
9563.62,-0.0305682
9570.02,-0.0306261
9576.38,-0.0306837
9582.72,-0.030741
9589.02,-0.030798
9595.29,-0.0308547
9601.53,-0.0309111
9607.74,-0.0309673
9613.92,-0.0310231
9620.07,-0.0310787
9626.19,-0.0311339
9632.27,-0.0311889
9638.33,-0.0312436
9644.36,-0.0312981
9650.35,-0.0313522
9656.32,-0.0314061
9662.26,-0.0314597
9668.17,-0.031513
9674.04,-0.0315661
9679.89,-0.0316188
9685.71,-0.0316714
9691.5,-0.0317236
9697.27,-0.0317756
9703,-0.0318273
9708.71,-0.0318787
9714.38,-0.0319299
9720.03,-0.0319808
9725.65,-0.0320315
9731.24,-0.0320819
9736.81,-0.032132
9742.35,-0.0321819
9747.86,-0.0322315
9753.34,-0.0322809
9758.79,-0.03233
9764.22,-0.0323788
9769.62,-0.0324275
9774.99,-0.0324758
9780.34,-0.0325239
9785.66,-0.0325718
9790.96,-0.0326194
9796.22,-0.0326668
9801.46,-0.032714
9806.68,-0.0327609
9811.87,-0.0328075
9817.03,-0.0328539
9822.17,-0.0329001
9827.28,-0.0329461
9832.37,-0.0329918
9837.43,-0.0330372
9842.46,-0.0330825
9847.47,-0.0331275
9852.46,-0.0331723
9857.42,-0.0332168
9862.35,-0.0332611
9867.26,-0.0333052
9872.15,-0.0333491
9877.01,-0.0333928
9881.85,-0.0334362
9886.66,-0.0334794
9891.45,-0.0335223
9896.22,-0.0335651
9900.96,-0.0336076
9905.68,-0.03365
9910.37,-0.0336921
9915.04,-0.033734
9919.69,-0.0337756
9924.32,-0.0338171
9928.92,-0.0338583
9933.5,-0.0338994
9938.05,-0.0339402
9942.58,-0.0339808
9947.09,-0.0340212
9951.58,-0.0340614
9956.04,-0.0341014
9960.49,-0.0341412
9964.91,-0.0341808
9969.31,-0.0342202
9973.68,-0.0342594
9978.04,-0.0342983
9982.37,-0.0343371
9986.68,-0.0343757
9990.97,-0.0344141
9995.23,-0.0344523
9999.48,-0.0344903
10003.7,-0.0345281
10007.9,-0.0345657
10012.1,-0.0346031
10016.3,-0.0346403
10020.4,-0.0346773
10024.5,-0.0347142
10028.6,-0.0347508
10032.7,-0.0347873
10036.7,-0.0348236
10040.8,-0.0348596
10044.8,-0.0348956
10048.8,-0.0349313
10052.8,-0.0349668
10056.7,-0.0350022
10060.7,-0.0350373
10064.6,-0.0350723
10068.5,-0.0351072
10072.4,-0.0351418
10076.2,-0.0351763
10080.1,-0.0352105
10083.9,-0.0352446
10087.7,-0.0352786
10091.5,-0.0353123
10095.2,-0.0353459
10099,-0.0353793
10102.7,-0.0354126
10106.4,-0.0354457
10110.1,-0.0354786
10113.8,-0.0355113
10117.4,-0.0355439
10121.1,-0.0355763
10124.7,-0.0356085
10128.3,-0.0356406
10131.8,-0.0356725
10135.4,-0.0357042
10138.9,-0.0357358
10142.5,-0.0357672
10146,-0.0357985
10149.5,-0.0358296
10152.9,-0.0358605
10156.4,-0.0358913
10159.8,-0.0359219
10163.2,-0.0359524
10166.6,-0.0359827
10170,-0.0360128
10173.4,-0.0360428
10176.7,-0.0360727
10180.1,-0.0361024
10183.4,-0.0361319
10186.7,-0.0361613
10190,-0.0361905
10193.3,-0.0362196
10196.5,-0.0362485
10199.7,-0.0362773
10203,-0.036306
10206.2,-0.0363345
10209.3,-0.0363628
10212.5,-0.036391
10215.7,-0.0364191
10218.8,-0.036447
10221.9,-0.0364748
10225,-0.0365024
10228.1,-0.0365299
10231.2,-0.0365573
10234.3,-0.0365845
10237.3,-0.0366115
10240.3,-0.0366385
10243.3,-0.0366653
10246.3,-0.0366919
10249.3,-0.0367184
10252.3,-0.0367448
10255.2,-0.0367711
10258.2,-0.0367972
10261.1,-0.0368232
10264,-0.036849
10266.9,-0.0368747
10269.8,-0.0369003
10272.7,-0.0369257
10275.5,-0.0369511
10278.3,-0.0369763
10281.2,-0.0370013
10284,-0.0370263
10286.8,-0.0370511
10289.5,-0.0370757
10292.3,-0.0371003
10295.1,-0.0371247
10297.8,-0.037149
10300.5,-0.0371732
10303.2,-0.0371973
10305.9,-0.0372212
10308.6,-0.037245
10311.3,-0.0372687
10313.9,-0.0372922
10316.6,-0.0373157
10319.2,-0.037339
10321.8,-0.0373622
10324.4,-0.0373853
10327,-0.0374083
10329.6,-0.0374311
10332.2,-0.0374538
10334.7,-0.0374765
10337.2,-0.037499
10339.8,-0.0375213
10342.3,-0.0375436
10344.8,-0.0375658
10347.3,-0.0375878
10349.7,-0.0376097
10352.2,-0.0376316
10354.6,-0.0376533
10357.1,-0.0376749
10359.5,-0.0376963
10361.9,-0.0377177
10364.3,-0.037739
10366.7,-0.0377601
10369.1,-0.0377812
10371.4,-0.0378021
10373.8,-0.037823
10376.1,-0.0378437
10378.5,-0.0378643
10380.8,-0.0378848
10383.1,-0.0379052
10385.4,-0.0379255
10387.6,-0.0379457
10389.9,-0.0379658
10392.2,-0.0379858
10394.4,-0.0380057
10396.7,-0.0380255
10398.9,-0.0380452
10401.1,-0.0380648
10403.3,-0.0380842
10405.5,-0.0381036
10407.7,-0.0381229
10409.8,-0.0381421
10412,-0.0381612
10414.1,-0.0381802
10416.3,-0.0381991
10418.4,-0.0382179
10420.5,-0.0382366
10422.6,-0.0382552
10424.7,-0.0382737
10426.8,-0.0382921
10428.8,-0.0383104
10430.9,-0.0383287
10433,-0.0383468
10435,-0.0383648
10437,-0.0383828
10439,-0.0384006
10441.1,-0.0384184
10443.1,-0.0384361
10445,-0.0384537
10447,-0.0384712
10449,-0.0384886
10450.9,-0.0385059
10452.9,-0.0385231
10454.8,-0.0385402
10456.8,-0.0385573
10458.7,-0.0385743
10460.6,-0.0385911
10462.5,-0.0386079
10464.4,-0.0386246
10466.3,-0.0386412
10468.1,-0.0386578
10470,-0.0386742
10471.8,-0.0386906
10473.7,-0.0387069
10475.5,-0.0387231
10477.3,-0.0387392
10479.2,-0.0387552
10481,-0.0387712
10482.8,-0.038787
10484.5,-0.0388028
10486.3,-0.0388185
10488.1,-0.0388341
10489.8,-0.0388497
10491.6,-0.0388652
10493.3,-0.0388805
10495.1,-0.0388958
10496.8,-0.0389111
10498.5,-0.0389262
10500.2,-0.0389413
10501.9,-0.0389563
10503.6,-0.0389712
10505.3,-0.0389861
10507,-0.0390008
10508.6,-0.0390155
10510.3,-0.0390301
10511.9,-0.0390447
10513.6,-0.0390591
10515.2,-0.0390735
10516.8,-0.0390878
10518.4,-0.0391021
10520,-0.0391163
10521.6,-0.0391304
10523.2,-0.0391444
10524.8,-0.0391583
10526.4,-0.0391722
10527.9,-0.039186
10529.5,-0.0391998
10531.1,-0.0392135
10532.6,-0.0392271
10534.1,-0.0392406
10535.7,-0.039254
10537.2,-0.0392674
10538.7,-0.0392808
10540.2,-0.039294
10541.7,-0.0393072
10543.2,-0.0393203
10544.6,-0.0393334
10546.1,-0.0393464
10547.6,-0.0393593
10549,-0.0393721
10550.5,-0.0393849
10551.9,-0.0393977
10553.4,-0.0394103
10554.8,-0.0394229
10556.2,-0.0394354
10557.6,-0.0394479
10559,-0.0394603
10560.4,-0.0394726
10561.8,-0.0394849
10563.2,-0.0394971
10564.6,-0.0395093
10566,-0.0395214
10567.3,-0.0395334
10568.7,-0.0395453
10570,-0.0395572
10571.4,-0.0395691
10572.7,-0.0395809
10574,-0.0395926
10575.4,-0.0396042
10576.7,-0.0396158
10578,-0.0396274
10579.3,-0.0396389
10580.6,-0.0396503
10581.9,-0.0396616
10583.2,-0.039673
10584.4,-0.0396842
10585.7,-0.0396954
10587,-0.0397065
10588.2,-0.0397176
10589.5,-0.0397286
10590.7,-0.0397396
10592,-0.0397505
10593.2,-0.0397613
10594.4,-0.0397721
10595.6,-0.0397829
10596.9,-0.0397936
10598.1,-0.0398042
10599.3,-0.0398148
10600.5,-0.0398253
10601.6,-0.0398357
10602.8,-0.0398462
10604,-0.0398565
10605.2,-0.0398668
10606.3,-0.0398771
10607.5,-0.0398873
10608.7,-0.0398974
10609.8,-0.0399075
10610.9,-0.0399176
10612.1,-0.0399276
10613.2,-0.0399375
10614.3,-0.0399474
10615.4,-0.0399572
10616.6,-0.039967
10617.7,-0.0399768
10618.8,-0.0399865
10619.9,-0.0399961
10621,-0.0400057
10622,-0.0400152
10623.1,-0.0400247
10624.2,-0.0400342
10625.3,-0.0400436
10626.3,-0.0400529
10627.4,-0.0400622
10628.4,-0.0400715
10629.5,-0.0400807
10630.5,-0.0400898
10631.5,-0.040099
10632.6,-0.040108
10633.6,-0.040117
10634.6,-0.040126
10635.6,-0.0401349
10636.6,-0.0401438
10637.7,-0.0401527
10638.7,-0.0401614
10639.6,-0.0401702
10640.6,-0.0401789
10641.6,-0.0401875
10642.6,-0.0401962
10643.6,-0.0402047
10644.5,-0.0402132
10645.5,-0.0402217
10646.5,-0.0402302
10647.4,-0.0402386
10648.4,-0.0402469
10649.3,-0.0402552
10650.2,-0.0402635
10651.2,-0.0402717
10652.1,-0.0402799
10653,-0.040288
10654,-0.0402961
10654.9,-0.0403042
10655.8,-0.0403122
10656.7,-0.0403202
10657.6,-0.0403281
10658.5,-0.040336
10659.4,-0.0403438
10660.3,-0.0403516
10661.2,-0.0403594
10662,-0.0403671
10662.9,-0.0403748
10663.8,-0.0403825
10664.6,-0.0403901
10665.5,-0.0403977
10666.4,-0.0404052
10667.2,-0.0404127
10668.1,-0.0404202
10668.9,-0.0404276
10669.8,-0.040435
10670.6,-0.0404423
10671.4,-0.0404496
10672.2,-0.0404569
10673.1,-0.0404641
10673.9,-0.0404713
10674.7,-0.0404785
10675.5,-0.0404856
10676.3,-0.0404927
10677.1,-0.0404997
10677.9,-0.0405067
10678.7,-0.0405137
10679.5,-0.0405206
10680.3,-0.0405275
10681.1,-0.0405344
10681.8,-0.0405412
10682.6,-0.040548
10683.4,-0.0405548
10684.2,-0.0405615
10684.9,-0.0405682
10685.7,-0.0405749
10686.4,-0.0405815
10687.2,-0.0405881
10687.9,-0.0405947
10688.7,-0.0406012
10689.4,-0.0406077
10690.1,-0.0406142
10690.9,-0.0406206
10691.6,-0.040627
10692.3,-0.0406333
10693,-0.0406397
10693.8,-0.040646
10694.5,-0.0406522
10695.2,-0.0406584
10695.9,-0.0406646
10696.6,-0.0406708
10697.3,-0.0406769
10698,-0.0406831
10698.7,-0.0406891
10699.4,-0.0406952
10700,-0.0407012
10700.7,-0.0407072
10701.4,-0.0407131
10702.1,-0.040719
10702.8,-0.0407249
10703.4,-0.0407308
10704.1,-0.0407366
10704.7,-0.0407424
10705.4,-0.0407482
10706.1,-0.0407539
10706.7,-0.0407596
10707.3,-0.0407653
10708,-0.0407709
10708.6,-0.0407766
10709.3,-0.0407822
10709.9,-0.0407877
10710.5,-0.0407933
10711.2,-0.0407988
10711.8,-0.0408043
10712.4,-0.0408097
10713,-0.0408151
10713.6,-0.0408205
10714.3,-0.0408259
10714.9,-0.0408312
10715.5,-0.0408365
10716.1,-0.0408418
10716.7,-0.0408471
10717.3,-0.0408523
10717.9,-0.0408575
10718.4,-0.0408627
10719,-0.0408679
10719.6,-0.040873
10720.2,-0.0408781
10720.8,-0.0408832
10721.3,-0.0408882
10721.9,-0.0408932
10722.5,-0.0408982
10723.1,-0.0409032
10723.6,-0.0409081
10724.2,-0.0409131
10724.7,-0.040918
10725.3,-0.0409228
10725.8,-0.0409277
10726.4,-0.0409325
10726.9,-0.0409373
10727.5,-0.0409421
10728,-0.0409468
10728.6,-0.0409515
10729.1,-0.0409562
10729.6,-0.0409609
10730.2,-0.0409655
10730.7,-0.0409702
10731.2,-0.0409748
10731.7,-0.0409793
10732.3,-0.0409839
10732.8,-0.0409884
10733.3,-0.0409929
10733.8,-0.0409974
10734.3,-0.0410019
10734.8,-0.0410063
10735.3,-0.0410107
10735.8,-0.0410151
10736.3,-0.0410195
10736.8,-0.0410239
10737.3,-0.0410282
10737.8,-0.0410325
10738.3,-0.0410368
10738.8,-0.041041
10739.2,-0.0410453
10739.7,-0.0410495
10740.2,-0.0410537
10740.7,-0.0410579
10741.2,-0.041062
10741.6,-0.0410661
10742.1,-0.0410703
10742.6,-0.0410743
10743,-0.0410784
10743.5,-0.0410825
10743.9,-0.0410865
10744.4,-0.0410905
10744.9,-0.0410945
10745.3,-0.0410984
10745.8,-0.0411024
10746.2,-0.0411063
10746.6,-0.0411102
10747.1,-0.0411141
10747.5,-0.041118
10748,-0.0411218
10748.4,-0.0411256
10748.8,-0.0411294
10749.3,-0.0411332
10749.7,-0.041137
10750.1,-0.0411407
10750.6,-0.0411445
10751,-0.0411482
10751.4,-0.0411519
10751.8,-0.0411555
10752.2,-0.0411592
10752.6,-0.0411628
10753.1,-0.0411664
10753.5,-0.04117
10753.9,-0.0411736
10754.3,-0.0411772
10754.7,-0.0411807
10755.1,-0.0411842
10755.5,-0.0411877
10755.9,-0.0411912
10756.3,-0.0411947
10756.7,-0.0411981
10757.1,-0.0412016
10757.5,-0.041205
10757.8,-0.0412084
10758.2,-0.0412118
10758.6,-0.0412151
10759,-0.0412185
10759.4,-0.0412218
10759.7,-0.0412251
10760.1,-0.0412284
10760.5,-0.0412317
10760.9,-0.041235
10761.2,-0.0412382
10761.6,-0.0412414
10762,-0.0412447
10762.3,-0.0412478
10762.7,-0.041251
10763.1,-0.0412542
10763.4,-0.0412573
10763.8,-0.0412605
10764.1,-0.0412636
10764.5,-0.0412667
10764.8,-0.0412698
10765.2,-0.0412728
10765.5,-0.0412759
10765.9,-0.0412789
10766.2,-0.0412819
10766.6,-0.0412849
10766.9,-0.0412879
10767.3,-0.0412909
10767.6,-0.0412939
10767.9,-0.0412968
10768.3,-0.0412997
10768.6,-0.0413026
10768.9,-0.0413055
10769.3,-0.0413084
10769.6,-0.0413113
10769.9,-0.0413142
10770.2,-0.041317
10770.5,-0.0413198
10770.9,-0.0413226
10771.2,-0.0413254
10771.5,-0.0413282
10771.8,-0.041331
10772.1,-0.0413337
10772.4,-0.0413365
10772.8,-0.0413392
10773.1,-0.0413419
10773.4,-0.0413446
10773.7,-0.0413473
10774,-0.04135
10774.3,-0.0413526
10774.6,-0.0413553
10774.9,-0.0413579
10775.2,-0.0413605
10775.5,-0.0413631
10775.8,-0.0413657
10776.1,-0.0413683
10776.4,-0.0413708
10776.7,-0.0413734
10776.9,-0.0413759
10777.2,-0.0413784
10777.5,-0.0413809
10777.8,-0.0413834
10778.1,-0.0413859
10778.4,-0.0413884
10778.7,-0.0413909
10778.9,-0.0413933
10779.2,-0.0413957
10779.5,-0.0413982
10779.8,-0.0414006
10780,-0.041403
10780.3,-0.0414054
10780.6,-0.0414077
10780.8,-0.0414101
10781.1,-0.0414124
10781.4,-0.0414148
10781.6,-0.0414171
10781.9,-0.0414194
10782.2,-0.0414217
10782.4,-0.041424
10782.7,-0.0414263
10783,-0.0414285
10783.2,-0.0414308
10783.5,-0.041433
10783.7,-0.0414353
10784,-0.0414375
10784.2,-0.0414397
10784.5,-0.0414419
10784.7,-0.0414441
10785,-0.0414462
10785.2,-0.0414484
10785.5,-0.0414506
10785.7,-0.0414527
10786,-0.0414548
10786.2,-0.041457
10786.4,-0.0414591
10786.7,-0.0414612
10786.9,-0.0414632
10787.2,-0.0414653
10787.4,-0.0414674
10787.6,-0.0414694
10787.9,-0.0414715
10788.1,-0.0414735
10788.3,-0.0414755
10788.5,-0.0414776
10788.8,-0.0414796
10789,-0.0414815
10789.2,-0.0414835
10789.5,-0.0414855
10789.7,-0.0414875
10789.9,-0.0414894
10790.1,-0.0414914
10790.3,-0.0414933
10790.6,-0.0414952
10790.8,-0.0414971
10791,-0.041499
10791.2,-0.0415009
10791.4,-0.0415028
10791.6,-0.0415047
10791.9,-0.0415065
10792.1,-0.0415084
10792.3,-0.0415102
10792.5,-0.0415121
10792.7,-0.0415139
10792.9,-0.0415157
10793.1,-0.0415175
10793.3,-0.0415193
10793.5,-0.0415211
10793.7,-0.0415229
10793.9,-0.0415247
10794.1,-0.0415264
10794.3,-0.0415282
10794.5,-0.0415299
10794.7,-0.0415316
10794.9,-0.0415334
10795.1,-0.0415351
10795.3,-0.0415368
10795.5,-0.0415385
10795.7,-0.0415402
10795.9,-0.0415419
10796.1,-0.0415435
10796.3,-0.0415452
10796.5,-0.0415469
10796.6,-0.0415485
10796.8,-0.0415501
10797,-0.0415518
10797.2,-0.0415534
10797.4,-0.041555
10797.6,-0.0415566
10797.8,-0.0415582
10797.9,-0.0415598
10798.1,-0.0415614
10798.3,-0.041563
10798.5,-0.0415645
10798.7,-0.0415661
10798.8,-0.0415676
10799,-0.0415692
10799.2,-0.0415707
10799.4,-0.0415722
10799.5,-0.0415737
10799.7,-0.0415753
10799.9,-0.0415768
10800,-0.0415783
10800.2,-0.0415797
10800.4,-0.0415812
10800.5,-0.0415827
10800.7,-0.0415842
10800.9,-0.0415856
10801,-0.0415871
10801.2,-0.0415885
10801.4,-0.0415899
10801.5,-0.0415914
10801.7,-0.0415928
10801.9,-0.0415942
10802,-0.0415956
10802.2,-0.041597
10802.3,-0.0415984
10802.5,-0.0415998
10802.7,-0.0416011
10802.8,-0.0416025
10803,-0.0416039
10803.1,-0.0416052
10803.3,-0.0416066
10803.4,-0.0416079
10803.6,-0.0416093
10803.7,-0.0416106
10803.9,-0.0416119
10804,-0.0416132
10804.2,-0.0416145
10804.3,-0.0416158
10804.5,-0.0416171
10804.6,-0.0416184
10804.8,-0.0416197
10804.9,-0.041621
10805.1,-0.0416222
10805.2,-0.0416235
10805.4,-0.0416248
10805.5,-0.041626
10805.6,-0.0416272
10805.8,-0.0416285
10805.9,-0.0416297
10806.1,-0.0416309
10806.2,-0.0416321
10806.3,-0.0416334
10806.5,-0.0416346
10806.6,-0.0416358
10806.7,-0.041637
10806.9,-0.0416381
10807,-0.0416393
10807.1,-0.0416405
10807.3,-0.0416417
10807.4,-0.0416428
10807.5,-0.041644
10807.7,-0.0416451
10807.8,-0.0416463
10807.9,-0.0416474
10808.1,-0.0416485
10808.2,-0.0416497
10808.3,-0.0416508
10808.5,-0.0416519
10808.6,-0.041653
10808.7,-0.0416541
10808.8,-0.0416552
10809,-0.0416563
10809.1,-0.0416574
10809.2,-0.0416585
10809.3,-0.0416595
10809.4,-0.0416606
10809.6,-0.0416617
10809.7,-0.0416627
10809.8,-0.0416638
10809.9,-0.0416648
10810,-0.0416659
10810.2,-0.0416669
10810.3,-0.041668
10810.4,-0.041669
10810.5,-0.04167
10810.6,-0.041671
10810.8,-0.041672
10810.9,-0.041673
10811,-0.041674
10811.1,-0.041675
10811.2,-0.041676
10811.3,-0.041677
10811.4,-0.041678
10811.5,-0.041679
10811.7,-0.0416799
10811.8,-0.0416809
10811.9,-0.0416819
10812,-0.0416828
10812.1,-0.0416838
10812.2,-0.0416847
10812.3,-0.0416857
10812.4,-0.0416866
10812.5,-0.0416875
10812.6,-0.0416885
10812.7,-0.0416894
10812.8,-0.0416903
10812.9,-0.0416912
10813,-0.0416921
10813.1,-0.041693
10813.3,-0.0416939
10813.4,-0.0416948
10813.5,-0.0416957
10813.6,-0.0416966
10813.7,-0.0416975
10813.8,-0.0416983
10813.9,-0.0416992
10814,-0.0417001
10814.1,-0.0417009
10814.2,-0.0417018
10814.2,-0.0417027
10814.3,-0.0417035
10814.4,-0.0417044
10814.5,-0.0417052
10814.6,-0.041706
10814.7,-0.0417069
10814.8,-0.0417077
10814.9,-0.0417085
10815,-0.0417093
10815.1,-0.0417101
10815.2,-0.041711
10815.3,-0.0417118
10815.4,-0.0417126
10815.5,-0.0417134
10815.6,-0.0417142
10815.7,-0.0417149
10815.7,-0.0417157
10815.8,-0.0417165
10815.9,-0.0417173
10816,-0.0417181
10816.1,-0.0417188
10816.2,-0.0417196
10816.3,-0.0417204
10816.4,-0.0417211
10816.4,-0.0417219
10816.5,-0.0417226
10816.6,-0.0417234
10816.7,-0.0417241
10816.8,-0.0417249
10816.9,-0.0417256
10817,-0.0417263
10817,-0.0417271
10817.1,-0.0417278
10817.2,-0.0417285
10817.3,-0.0417292
10817.4,-0.0417299
10817.4,-0.0417306
10817.5,-0.0417313
10817.6,-0.0417321
10817.7,-0.0417327
10817.8,-0.0417334
10817.8,-0.0417341
10817.9,-0.0417348
10818,-0.0417355
10818.1,-0.0417362
10818.2,-0.0417369
10818.2,-0.0417375
10818.3,-0.0417382
10818.4,-0.0417389
10818.5,-0.0417395
10818.5,-0.0417402
10818.6,-0.0417409
10818.7,-0.0417415
10818.8,-0.0417422
10818.8,-0.0417428
10818.9,-0.0417435
10819,-0.0417441
10819.1,-0.0417447
10819.1,-0.0417454
10819.2,-0.041746
10819.3,-0.0417466
10819.3,-0.0417472
10819.4,-0.0417479
10819.5,-0.0417485
10819.6,-0.0417491
10819.6,-0.0417497
10819.7,-0.0417503
10819.8,-0.0417509
10819.8,-0.0417515
10819.9,-0.0417521
10820,-0.0417527
10820,-0.0417533
10820.1,-0.0417539
10820.2,-0.0417545
10820.2,-0.0417551
10820.3,-0.0417557
10820.4,-0.0417562
10820.4,-0.0417568
10820.5,-0.0417574
10820.6,-0.0417579
10820.6,-0.0417585
10820.7,-0.0417591
10820.8,-0.0417596
10820.8,-0.0417602
10820.9,-0.0417608
10820.9,-0.0417613
10821,-0.0417619
10821.1,-0.0417624
10821.1,-0.0417629
10821.2,-0.0417635
10821.3,-0.041764
10821.3,-0.0417646
10821.4,-0.0417651
10821.4,-0.0417656
10821.5,-0.0417661
10821.6,-0.0417667
10821.6,-0.0417672
10821.7,-0.0417677
10821.7,-0.0417682
10821.8,-0.0417687
10821.9,-0.0417692
10821.9,-0.0417698
10822,-0.0417703
10822,-0.0417708
10822.1,-0.0417713
10822.1,-0.0417718
10822.2,-0.0417723
10822.3,-0.0417728
10822.3,-0.0417732
10822.4,-0.0417737
10822.4,-0.0417742
10822.5,-0.0417747
10822.5,-0.0417752
10822.6,-0.0417757
10822.6,-0.0417761
10822.7,-0.0417766
10822.7,-0.0417771
10822.8,-0.0417775
10822.9,-0.041778
10822.9,-0.0417785
10823,-0.0417789
10823,-0.0417794
10823.1,-0.0417798
10823.1,-0.0417803
10823.2,-0.0417808
10823.2,-0.0417812
10823.3,-0.0417816
10823.3,-0.0417821
10823.4,-0.0417825
10823.4,-0.041783
10823.5,-0.0417834
10823.5,-0.0417838
10823.6,-0.0417843
10823.6,-0.0417847
10823.7,-0.0417851
10823.7,-0.0417856
10823.8,-0.041786
10823.8,-0.0417864
10823.9,-0.0417868
10823.9,-0.0417873
10824,-0.0417877
10824,-0.0417881
10824.1,-0.0417885
10824.1,-0.0417889
10824.1,-0.0417893
10824.2,-0.0417897
10824.2,-0.0417901
10824.3,-0.0417905
10824.3,-0.0417909
10824.4,-0.0417913
10824.4,-0.0417917
10824.5,-0.0417921
10824.5,-0.0417925
10824.6,-0.0417929
10824.6,-0.0417933
10824.6,-0.0417937
10824.7,-0.041794
10824.7,-0.0417944
10824.8,-0.0417948
10824.8,-0.0417952
10824.9,-0.0417956
10824.9,-0.0417959
10824.9,-0.0417963
10825,-0.0417967
10825,-0.041797
10825.1,-0.0417974
10825.1,-0.0417978
10825.2,-0.0417981
10825.2,-0.0417985
10825.2,-0.0417988
10825.3,-0.0417992
10825.3,-0.0417996
10825.4,-0.0417999
10825.4,-0.0418003
10825.4,-0.0418006
10825.5,-0.041801
10825.5,-0.0418013
10825.6,-0.0418016
10825.6,-0.041802
10825.6,-0.0418023
10825.7,-0.0418027
10825.7,-0.041803
10825.8,-0.0418033
10825.8,-0.0418037
10825.8,-0.041804
10825.9,-0.0418043
10825.9,-0.0418047
10825.9,-0.041805
10826,-0.0418053
10826,-0.0418056
10826,-0.041806
10826.1,-0.0418063
10826.1,-0.0418066
10826.2,-0.0418069
10826.2,-0.0418072
10826.2,-0.0418075
10826.3,-0.0418079
10826.3,-0.0418082
10826.3,-0.0418085
10826.4,-0.0418088
10826.4,-0.0418091
10826.4,-0.0418094
10826.5,-0.0418097
10826.5,-0.04181
10826.5,-0.0418103
10826.6,-0.0418106
10826.6,-0.0418109
10826.6,-0.0418112
10826.7,-0.0418115
10826.7,-0.0418118
10826.7,-0.0418121
10826.8,-0.0418124
10826.8,-0.0418126
10826.8,-0.0418129
10826.9,-0.0418132
10826.9,-0.0418135
10826.9,-0.0418138
10827,-0.0418141
10827,-0.0418143
10827,-0.0418146
10827.1,-0.0418149
10827.1,-0.0418152
10827.1,-0.0418154
10827.2,-0.0418157
10827.2,-0.041816
10827.2,-0.0418162
10827.3,-0.0418165
10827.3,-0.0418168
10827.3,-0.041817
10827.3,-0.0418173
10827.4,-0.0418176
10827.4,-0.0418178
10827.4,-0.0418181
10827.5,-0.0418183
10827.5,-0.0418186
10827.5,-0.0418189
10827.6,-0.0418191
10827.6,-0.0418194
10827.6,-0.0418196
10827.6,-0.0418199
10827.7,-0.0418201
10827.7,-0.0418204
10827.7,-0.0418206
10827.8,-0.0418209
10827.8,-0.0418211
10827.8,-0.0418213
10827.8,-0.0418216
10827.9,-0.0418218
10827.9,-0.0418221
10827.9,-0.0418223
10827.9,-0.0418225
10828,-0.0418228
10828,-0.041823
10828,-0.0418232
10828,-0.0418235
10828.1,-0.0418237
10828.1,-0.0418239
10828.1,-0.0418242
10828.2,-0.0418244
10828.2,-0.0418246
10828.2,-0.0418248
10828.2,-0.0418251
10828.3,-0.0418253
10828.3,-0.0418255
10828.3,-0.0418257
10828.3,-0.0418259
10828.4,-0.0418262
10828.4,-0.0418264
10828.4,-0.0418266
10828.4,-0.0418268
10828.5,-0.041827
10828.5,-0.0418272
10828.5,-0.0418274
10828.5,-0.0418276
10828.6,-0.0418279
10828.6,-0.0418281
10828.6,-0.0418283
10828.6,-0.0418285
10828.6,-0.0418287
10828.7,-0.0418289
10828.7,-0.0418291
10828.7,-0.0418293
10828.7,-0.0418295
10828.8,-0.0418297
10828.8,-0.0418299
10828.8,-0.0418301
10828.8,-0.0418303
10828.9,-0.0418305
10828.9,-0.0418307
10828.9,-0.0418309
10828.9,-0.0418311
10828.9,-0.0418313
10829,-0.0418314
10829,-0.0418316
10829,-0.0418318
10829,-0.041832
10829,-0.0418322
10829.1,-0.0418324
10829.1,-0.0418326
10829.1,-0.0418327
10829.1,-0.0418329
10829.2,-0.0418331
10829.2,-0.0418333
10829.2,-0.0418335
10829.2,-0.0418337
10829.2,-0.0418338
10829.3,-0.041834
10829.3,-0.0418342
10829.3,-0.0418344
10829.3,-0.0418345
10829.3,-0.0418347
10829.4,-0.0418349
10829.4,-0.0418351
10829.4,-0.0418352
10829.4,-0.0418354
10829.4,-0.0418356
10829.5,-0.0418357
10829.5,-0.0418359
10829.5,-0.0418361
10829.5,-0.0418362
10829.5,-0.0418364
10829.5,-0.0418366
10829.6,-0.0418367
10829.6,-0.0418369
10829.6,-0.041837
10829.6,-0.0418372
10829.6,-0.0418374
10829.7,-0.0418375
10829.7,-0.0418377
10829.7,-0.0418378
10829.7,-0.041838
10829.7,-0.0418382
10829.7,-0.0418383
10829.8,-0.0418385
10829.8,-0.0418386
10829.8,-0.0418388
10829.8,-0.0418389
10829.8,-0.0418391
10829.9,-0.0418392
10829.9,-0.0418394
10829.9,-0.0418395
10829.9,-0.0418397
10829.9,-0.0418398
10829.9,-0.04184
10830,-0.0418401
10830,-0.0418403
10830,-0.0418404
10830,-0.0418405
10830,-0.0418407
10830,-0.0418408
10830,-0.041841
10830.1,-0.0418411
10830.1,-0.0418413
10830.1,-0.0418414
10830.1,-0.0418415
10830.1,-0.0418417
10830.1,-0.0418418
10830.2,-0.0418419
10830.2,-0.0418421
10830.2,-0.0418422
10830.2,-0.0418423
10830.2,-0.0418425
10830.2,-0.0418426
10830.3,-0.0418427
10830.3,-0.0418429
10830.3,-0.041843
10830.3,-0.0418431
10830.3,-0.0418433
10830.3,-0.0418434
10830.3,-0.0418435
10830.4,-0.0418437
10830.4,-0.0418438
10830.4,-0.0418439
10830.4,-0.041844
10830.4,-0.0418442
10830.4,-0.0418443
10830.4,-0.0418444
10830.5,-0.0418445
10830.5,-0.0418447
10830.5,-0.0418448
10830.5,-0.0418449
10830.5,-0.041845
10830.5,-0.0418451
10830.5,-0.0418453
10830.6,-0.0418454
10830.6,-0.0418455
10830.6,-0.0418456
10830.6,-0.0418457
10830.6,-0.0418458
10830.6,-0.041846
10830.6,-0.0418461
10830.6,-0.0418462
10830.7,-0.0418463
10830.7,-0.0418464
10830.7,-0.0418465
10830.7,-0.0418466
10830.7,-0.0418468
10830.7,-0.0418469
10830.7,-0.041847
10830.7,-0.0418471
10830.8,-0.0418472
10830.8,-0.0418473
10830.8,-0.0418474
10830.8,-0.0418475
10830.8,-0.0418476
10830.8,-0.0418477
10830.8,-0.0418478
10830.8,-0.0418479
10830.9,-0.041848
10830.9,-0.0418482
10830.9,-0.0418483
10830.9,-0.0418484
10830.9,-0.0418485
10830.9,-0.0418486
10830.9,-0.0418487
10830.9,-0.0418488
10831,-0.0418489
10831,-0.041849
10831,-0.0418491
10831,-0.0418492
10831,-0.0418493
10831,-0.0418494
10831,-0.0418495
10831,-0.0418496
10831,-0.0418497
10831.1,-0.0418498
10831.1,-0.0418499
10831.1,-0.0418499
10831.1,-0.04185
10831.1,-0.0418501
10831.1,-0.0418502
10831.1,-0.0418503
10831.1,-0.0418504
10831.1,-0.0418505
10831.1,-0.0418506
10831.2,-0.0418507
10831.2,-0.0418508
10831.2,-0.0418509
10831.2,-0.041851
10831.2,-0.0418511
10831.2,-0.0418511
10831.2,-0.0418512
10831.2,-0.0418513
10831.2,-0.0418514
10831.3,-0.0418515
10831.3,-0.0418516
10831.3,-0.0418517
10831.3,-0.0418518
10831.3,-0.0418518
10831.3,-0.0418519
10831.3,-0.041852
10831.3,-0.0418521
10831.3,-0.0418522
10831.3,-0.0418523
10831.3,-0.0418523
10831.4,-0.0418524
10831.4,-0.0418525
10831.4,-0.0418526
10831.4,-0.0418527
10831.4,-0.0418527
10831.4,-0.0418528
10831.4,-0.0418529
10831.4,-0.041853
10831.4,-0.0418531
10831.4,-0.0418531
10831.5,-0.0418532
10831.5,-0.0418533
10831.5,-0.0418534
10831.5,-0.0418535
10831.5,-0.0418535
10831.5,-0.0418536
10831.5,-0.0418537
10831.5,-0.0418538
10831.5,-0.0418538
10831.5,-0.0418539
10831.5,-0.041854
10831.5,-0.0418541
10831.6,-0.0418541
10831.6,-0.0418542
10831.6,-0.0418543
10831.6,-0.0418544
10831.6,-0.0418544
10831.6,-0.0418545
10831.6,-0.0418546
10831.6,-0.0418546
10831.6,-0.0418547
10831.6,-0.0418548
10831.6,-0.0418549
10831.6,-0.0418549
10831.7,-0.041855
10831.7,-0.0418551
10831.7,-0.0418551
10831.7,-0.0418552
10831.7,-0.0418553
10831.7,-0.0418553
10831.7,-0.0418554
10831.7,-0.0418555
10831.7,-0.0418555
10831.7,-0.0418556
10831.7,-0.0418557
10831.7,-0.0418557
10831.7,-0.0418558
10831.8,-0.0418559
10831.8,-0.0418559
10831.8,-0.041856
10831.8,-0.0418561
10831.8,-0.0418561
10831.8,-0.0418562
10831.8,-0.0418562
10831.8,-0.0418563
10831.8,-0.0418564
10831.8,-0.0418564
10831.8,-0.0418565
10831.8,-0.0418566
10831.8,-0.0418566
10831.8,-0.0418567
10831.9,-0.0418567
10831.9,-0.0418568
10831.9,-0.0418569
10831.9,-0.0418569
10831.9,-0.041857
10831.9,-0.041857
10831.9,-0.0418571
10831.9,-0.0418571
10831.9,-0.0418572
10831.9,-0.0418573
10831.9,-0.0418573
10831.9,-0.0418574
10831.9,-0.0418574
10831.9,-0.0418575
10831.9,-0.0418575
10832,-0.0418576
10832,-0.0418577
10832,-0.0418577
10832,-0.0418578
10832,-0.0418578
10832,-0.0418579
10832,-0.0418579
10832,-0.041858
10832,-0.041858
10832,-0.0418581
10832,-0.0418581
10832,-0.0418582
10832,-0.0418582
10832,-0.0418583
10832,-0.0418584
10832,-0.0418584
10832,-0.0418585
10832.1,-0.0418585
10832.1,-0.0418586
10832.1,-0.0418586
10832.1,-0.0418587
10832.1,-0.0418587
10832.1,-0.0418588
10832.1,-0.0418588
10832.1,-0.0418589
10832.1,-0.0418589
10832.1,-0.041859
10832.1,-0.041859
10832.1,-0.0418591
10832.1,-0.0418591
10832.1,-0.0418591
10832.1,-0.0418592
10832.1,-0.0418592
10832.1,-0.0418593
10832.1,-0.0418593
10832.2,-0.0418594
10832.2,-0.0418594
10832.2,-0.0418595
10832.2,-0.0418595
10832.2,-0.0418596
10832.2,-0.0418596
10832.2,-0.0418597
10832.2,-0.0418597
10832.2,-0.0418597
10832.2,-0.0418598
10832.2,-0.0418598
10832.2,-0.0418599
10832.2,-0.0418599
10832.2,-0.04186
10832.2,-0.04186
10832.2,-0.0418601
10832.2,-0.0418601
10832.2,-0.0418601
10832.2,-0.0418602
10832.3,-0.0418602
10832.3,-0.0418603
10832.3,-0.0418603
10832.3,-0.0418604
10832.3,-0.0418604
10832.3,-0.0418604
10832.3,-0.0418605
10832.3,-0.0418605
10832.3,-0.0418606
10832.3,-0.0418606
10832.3,-0.0418606
10832.3,-0.0418607
10832.3,-0.0418607
10832.3,-0.0418608
10832.3,-0.0418608
10832.3,-0.0418608
10832.3,-0.0418609
10832.3,-0.0418609
10832.3,-0.041861
10832.3,-0.041861
10832.3,-0.041861
10832.3,-0.0418611
10832.4,-0.0418611
10832.4,-0.0418611
10832.4,-0.0418612
10832.4,-0.0418612
10832.4,-0.0418613
10832.4,-0.0418613
10832.4,-0.0418613
10832.4,-0.0418614
10832.4,-0.0418614
10832.4,-0.0418614
10832.4,-0.0418615
10832.4,-0.0418615
10832.4,-0.0418615
10832.4,-0.0418616
10832.4,-0.0418616
10832.4,-0.0418616
10832.4,-0.0418617
10832.4,-0.0418617
10832.4,-0.0418618
10832.4,-0.0418618
10832.4,-0.0418618
10832.4,-0.0418619
10832.4,-0.0418619
10832.4,-0.0418619
10832.4,-0.041862
10832.5,-0.041862
10832.5,-0.041862
10832.5,-0.0418621
10832.5,-0.0418621
10832.5,-0.0418621
10832.5,-0.0418622
10832.5,-0.0418622
10832.5,-0.0418622
10832.5,-0.0418622
10832.5,-0.0418623
10832.5,-0.0418623
10832.5,-0.0418623
10832.5,-0.0418624
10832.5,-0.0418624
10832.5,-0.0418624
10832.5,-0.0418625
10832.5,-0.0418625
10832.5,-0.0418625
10832.5,-0.0418626
10832.5,-0.0418626
10832.5,-0.0418626
10832.5,-0.0418626
10832.5,-0.0418627
10832.5,-0.0418627
10832.5,-0.0418627
10832.5,-0.0418628
10832.5,-0.0418628
10832.5,-0.0418628
10832.6,-0.0418629
10832.6,-0.0418629
10832.6,-0.0418629
10832.6,-0.0418629
10832.6,-0.041863
10832.6,-0.041863
10832.6,-0.041863
10832.6,-0.0418631
10832.6,-0.0418631
10832.6,-0.0418631
10832.6,-0.0418631
10832.6,-0.0418632
10832.6,-0.0418632
10832.6,-0.0418632
10832.6,-0.0418632
10832.6,-0.0418633
10832.6,-0.0418633
10832.6,-0.0418633
10832.6,-0.0418633
10832.6,-0.0418634
10832.6,-0.0418634
10832.6,-0.0418634
10832.6,-0.0418634
10832.6,-0.0418635
10832.6,-0.0418635
10832.6,-0.0418635
10832.6,-0.0418636
10832.6,-0.0418636
10832.6,-0.0418636
10832.6,-0.0418636
10832.6,-0.0418637
10832.6,-0.0418637
10832.6,-0.0418637
10832.6,-0.0418637
10832.7,-0.0418637
10832.7,-0.0418638
10832.7,-0.0418638
10832.7,-0.0418638
10832.7,-0.0418638
10832.7,-0.0418639
10832.7,-0.0418639
10832.7,-0.0418639
10832.7,-0.0418639
10832.7,-0.041864
10832.7,-0.041864
10832.7,-0.041864
10832.7,-0.041864
10832.7,-0.0418641
10832.7,-0.0418641
10832.7,-0.0418641
10832.7,-0.0418641
10832.7,-0.0418641
10832.7,-0.0418642
10832.7,-0.0418642
10832.7,-0.0418642
10832.7,-0.0418642
10832.7,-0.0418642
10832.7,-0.0418643
10832.7,-0.0418643
10832.7,-0.0418643
10832.7,-0.0418643
10832.7,-0.0418644
10832.7,-0.0418644
10832.7,-0.0418644
10832.7,-0.0418644
10832.7,-0.0418644
10832.7,-0.0418645
10832.7,-0.0418645
10832.7,-0.0418645
10832.7,-0.0418645
10832.7,-0.0418645
10832.7,-0.0418646
10832.7,-0.0418646
10832.7,-0.0418646
10832.8,-0.0418646
10832.8,-0.0418646
10832.8,-0.0418647
10832.8,-0.0418647
10832.8,-0.0418647
10832.8,-0.0418647
10832.8,-0.0418647
10832.8,-0.0418648
10832.8,-0.0418648
10832.8,-0.0418648
10832.8,-0.0418648
10832.8,-0.0418648
10832.8,-0.0418648
10832.8,-0.0418649
10832.8,-0.0418649
10832.8,-0.0418649
10832.8,-0.0418649
10832.8,-0.0418649
10832.8,-0.041865
10832.8,-0.041865
10832.8,-0.041865
10832.8,-0.041865
10832.8,-0.041865
10832.8,-0.041865
10832.8,-0.0418651
10832.8,-0.0418651
10832.8,-0.0418651
10832.8,-0.0418651
10832.8,-0.0418651
10832.8,-0.0418651
10832.8,-0.0418652
10832.8,-0.0418652
10832.8,-0.0418652
10832.8,-0.0418652
10832.8,-0.0418652
10832.8,-0.0418652
10832.8,-0.0418653
10832.8,-0.0418653
10832.8,-0.0418653
10832.8,-0.0418653
10832.8,-0.0418653
10832.8,-0.0418653
10832.8,-0.0418654
10832.8,-0.0418654
10832.8,-0.0418654
10832.8,-0.0418654
10832.8,-0.0418654
10832.8,-0.0418654
10832.8,-0.0418655
10832.8,-0.0418655
10832.9,-0.0418655
10832.9,-0.0418655
10832.9,-0.0418655
10832.9,-0.0418655
10832.9,-0.0418655
10832.9,-0.0418656
10832.9,-0.0418656
10832.9,-0.0418656
10832.9,-0.0418656
10832.9,-0.0418656
10832.9,-0.0418656
10832.9,-0.0418656
10832.9,-0.0418657
10832.9,-0.0418657
10832.9,-0.0418657
10832.9,-0.0418657
10832.9,-0.0418657
10832.9,-0.0418657
10832.9,-0.0418657
10832.9,-0.0418658
10832.9,-0.0418658
10832.9,-0.0418658
10832.9,-0.0418658
10832.9,-0.0418658
10832.9,-0.0418658
10832.9,-0.0418658
10832.9,-0.0418659
10832.9,-0.0418659
10832.9,-0.0418659
10832.9,-0.0418659
10832.9,-0.0418659
10832.9,-0.0418659
10832.9,-0.0418659
10832.9,-0.0418659
10832.9,-0.041866
10832.9,-0.041866
10832.9,-0.041866
10832.9,-0.041866
10832.9,-0.041866
10832.9,-0.041866
10832.9,-0.041866
10832.9,-0.041866
10832.9,-0.0418661
10832.9,-0.0418661
10832.9,-0.0418661
10832.9,-0.0418661
10832.9,-0.0418661
10832.9,-0.0418661
10832.9,-0.0418661
10832.9,-0.0418661
10832.9,-0.0418662
10832.9,-0.0418662
10832.9,-0.0418662
10832.9,-0.0418662
10832.9,-0.0418662
10832.9,-0.0418662
10832.9,-0.0418662
10832.9,-0.0418662
10832.9,-0.0418662
10832.9,-0.0418663
10832.9,-0.0418663
10832.9,-0.0418663
10832.9,-0.0418663
10832.9,-0.0418663
10832.9,-0.0418663
10832.9,-0.0418663
10832.9,-0.0418663
10832.9,-0.0418663
10833,-0.0418664
10833,-0.0418664
10833,-0.0418664
10833,-0.0418664
10833,-0.0418664
10833,-0.0418664
10833,-0.0418664
10833,-0.0418664
10833,-0.0418664
10833,-0.0418665
10833,-0.0418665
10833,-0.0418665
10833,-0.0418665
10833,-0.0418665
10833,-0.0418665
10833,-0.0418665
10833,-0.0418665
10833,-0.0418665
10833,-0.0418665
10833,-0.0418666
10833,-0.0418666
10833,-0.0418666
10833,-0.0418666
10833,-0.0418666
10833,-0.0418666
10833,-0.0418666
10833,-0.0418666
10833,-0.0418666
10833,-0.0418666
10833,-0.0418666
10833,-0.0418667
10833,-0.0418667
10833,-0.0418667
10833,-0.0418667
10833,-0.0418667
10833,-0.0418667
10833,-0.0418667
10833,-0.0418667
10833,-0.0418667
10833,-0.0418667
10833,-0.0418667
10833,-0.0418668
10833,-0.0418668
10833,-0.0418668
10833,-0.0418668
10833,-0.0418668
10833,-0.0418668
10833,-0.0418668
10833,-0.0418668
10833,-0.0418668
10833,-0.0418668
10833,-0.0418668
10833,-0.0418668
10833,-0.0418669
10833,-0.0418669
10833,-0.0418669
10833,-0.0418669
10833,-0.0418669
10833,-0.0418669
10833,-0.0418669
10833,-0.0418669
10833,-0.0418669
10833,-0.0418669
10833,-0.0418669
10833,-0.0418669
10833,-0.0418669
10833,-0.041867
10833,-0.041867
10833,-0.041867
10833,-0.041867
10833,-0.041867
10833,-0.041867
10833,-0.041867
10833,-0.041867
10833,-0.041867
10833,-0.041867
10833,-0.041867
10833,-0.041867
10833,-0.041867
10833,-0.0418671
10833,-0.0418671
10833,-0.0418671
10833,-0.0418671
10833,-0.0418671
10833,-0.0418671
10833,-0.0418671
10833,-0.0418671
10833,-0.0418671
10833,-0.0418671
10833,-0.0418671
10833,-0.0418671
10833,-0.0418671
10833,-0.0418671
10833,-0.0418671
10833,-0.0418672
10833,-0.0418672
10833,-0.0418672
10833,-0.0418672
10833,-0.0418672
10833,-0.0418672
10833,-0.0418672
10833,-0.0418672
10833,-0.0418672
10833,-0.0418672
10833,-0.0418672
10833.1,-0.0418672
10833.1,-0.0418672
10833.1,-0.0418672
10833.1,-0.0418672
10833.1,-0.0418673
10833.1,-0.0418673
10833.1,-0.0418673
10833.1,-0.0418673
10833.1,-0.0418673
10833.1,-0.0418673
10833.1,-0.0418673
10833.1,-0.0418673
10833.1,-0.0418673
10833.1,-0.0418673
10833.1,-0.0418673
10833.1,-0.0418673
10833.1,-0.0418673
10833.1,-0.0418673
10833.1,-0.0418673
10833.1,-0.0418673
10833.1,-0.0418673
10833.1,-0.0418674
10833.1,-0.0418674
10833.1,-0.0418674
10833.1,-0.0418674
10833.1,-0.0418674
10833.1,-0.0418674
10833.1,-0.0418674
10833.1,-0.0418674
10833.1,-0.0418674
10833.1,-0.0418674
10833.1,-0.0418674
10833.1,-0.0418674
10833.1,-0.0418674
10833.1,-0.0418674
10833.1,-0.0418674
10833.1,-0.0418674
10833.1,-0.0418674
10833.1,-0.0418674
10833.1,-0.0418674
10833.1,-0.0418675
10833.1,-0.0418675
10833.1,-0.0418675
10833.1,-0.0418675
10833.1,-0.0418675
10833.1,-0.0418675
10833.1,-0.0418675
10833.1,-0.0418675
10833.1,-0.0418675
10833.1,-0.0418675
10833.1,-0.0418675
10833.1,-0.0418675
10833.1,-0.0418675
10833.1,-0.0418675
10833.1,-0.0418675
10833.1,-0.0418675
10833.1,-0.0418675
10833.1,-0.0418675
10833.1,-0.0418675
10833.1,-0.0418675
10833.1,-0.0418675
10833.1,-0.0418676
10833.1,-0.0418676
10833.1,-0.0418676
10833.1,-0.0418676
10833.1,-0.0418676
10833.1,-0.0418676
10833.1,-0.0418676
10833.1,-0.0418676
10833.1,-0.0418676
10833.1,-0.0418676
10833.1,-0.0418676
10833.1,-0.0418676
10833.1,-0.0418676
10833.1,-0.0418676
10833.1,-0.0418676
10833.1,-0.0418676
10833.1,-0.0418676
10833.1,-0.0418676
10833.1,-0.0418676
10833.1,-0.0418676
10833.1,-0.0418676
10833.1,-0.0418676
10833.1,-0.0418676
10833.1,-0.0418677
10833.1,-0.0418677
10833.1,-0.0418677
10833.1,-0.0418677
10833.1,-0.0418677
10833.1,-0.0418677
10833.1,-0.0418677
10833.1,-0.0418677
10833.1,-0.0418677
10833.1,-0.0418677
10833.1,-0.0418677
10833.1,-0.0418677
10833.1,-0.0418677
10833.1,-0.0418677
10833.1,-0.0418677
10833.1,-0.0418677
10833.1,-0.0418677
10833.1,-0.0418677
10833.1,-0.0418677
10833.1,-0.0418677
10833.1,-0.0418677
10833.1,-0.0418677
10833.1,-0.0418677
10833.1,-0.0418677
10833.1,-0.0418677
10833.1,-0.0418677
10833.1,-0.0418678
10833.1,-0.0418678
10833.1,-0.0418678
10833.1,-0.0418678
10833.1,-0.0418678
10833.1,-0.0418678
10833.1,-0.0418678
10833.1,-0.0418678
10833.1,-0.0418678
10833.1,-0.0418678
10833.1,-0.0418678
10833.1,-0.0418678
10833.1,-0.0418678
10833.1,-0.0418678
10833.1,-0.0418678
10833.1,-0.0418678
10833.1,-0.0418678
10833.1,-0.0418678
10833.1,-0.0418678
10833.1,-0.0418678
10833.1,-0.0418678
10833.1,-0.0418678
10833.1,-0.0418678
10833.1,-0.0418678
10833.1,-0.0418678
10833.1,-0.0418678
10833.1,-0.0418678
10833.1,-0.0418678
10833.1,-0.0418678
10833.1,-0.0418678
10833.1,-0.0418678
10833.1,-0.0418679
10833.1,-0.0418679
10833.1,-0.0418679
10833.1,-0.0418679
10833.1,-0.0418679
10833.1,-0.0418679
10833.1,-0.0418679
10833.1,-0.0418679
10833.1,-0.0418679
10833.1,-0.0418679
10833.1,-0.0418679
10833.1,-0.0418679
10833.1,-0.0418679
10833.1,-0.0418679
10833.1,-0.0418679
10833.1,-0.0418679
10833.1,-0.0418679
10833.1,-0.0418679
10833.1,-0.0418679
10833.1,-0.0418679
10833.1,-0.0418679
10833.1,-0.0418679
10833.1,-0.0418679
10833.1,-0.0418679
10833.1,-0.0418679
10833.1,-0.0418679
10833.1,-0.0418679
10833.1,-0.0418679
10833.1,-0.0418679
10833.1,-0.0418679
10833.1,-0.0418679
10833.1,-0.0418679
10833.1,-0.0418679
10833.1,-0.0418679
10833.1,-0.0418679
10833.1,-0.0418679
10833.1,-0.041868
10833.1,-0.041868
10833.1,-0.041868
10833.1,-0.041868
10833.1,-0.041868
10833.1,-0.041868
10833.1,-0.041868
10833.1,-0.041868
10833.1,-0.041868
10833.1,-0.041868
10833.1,-0.041868
10833.1,-0.041868
10833.1,-0.041868
10833.1,-0.041868
10833.1,-0.041868
10833.1,-0.041868
10833.1,-0.041868
10833.1,-0.041868
10833.1,-0.041868
10833.1,-0.041868
10833.1,-0.041868
10833.1,-0.041868
10833.1,-0.041868
10833.1,-0.041868
10833.1,-0.041868
10833.1,-0.041868
10833.1,-0.041868
10833.1,-0.041868
10833.1,-0.041868
10833.1,-0.041868
10833.1,-0.041868
10833.1,-0.041868
10833.1,-0.041868
10833.1,-0.041868
10833.1,-0.041868
10833.1,-0.041868
10833.1,-0.041868
10833.1,-0.041868
10833.1,-0.041868
10833.1,-0.041868
10833.1,-0.041868
10833.1,-0.041868
10833.1,-0.041868
10833.1,-0.041868
10833.1,-0.0418681
10833.1,-0.0418681
10833.1,-0.0418681
10833.1,-0.0418681
10833.1,-0.0418681
10833.1,-0.0418681
10833.1,-0.0418681
10833.1,-0.0418681
10833.1,-0.0418681
10833.1,-0.0418681
10833.1,-0.0418681
10833.1,-0.0418681
10833.1,-0.0418681
10833.1,-0.0418681
10833.1,-0.0418681
10833.1,-0.0418681
10833.1,-0.0418681
10833.1,-0.0418681
10833.1,-0.0418681
10833.1,-0.0418681
10833.1,-0.0418681
10833.1,-0.0418681
10833.1,-0.0418681
10833.1,-0.0418681
10833.1,-0.0418681
10833.1,-0.0418681
10833.1,-0.0418681
10833.2,-0.0418681
10833.2,-0.0418681
10833.2,-0.0418681
10833.2,-0.0418681
10833.2,-0.0418681
10833.2,-0.0418681
10833.2,-0.0418681
10833.2,-0.0418681
10833.2,-0.0418681
10833.2,-0.0418681
10833.2,-0.0418681
10833.2,-0.0418681
10833.2,-0.0418681
10833.2,-0.0418681
10833.2,-0.0418681
10833.2,-0.0418681
10833.2,-0.0418681
10833.2,-0.0418681
10833.2,-0.0418681
10833.2,-0.0418681
10833.2,-0.0418681
10833.2,-0.0418681
10833.2,-0.0418681
10833.2,-0.0418681
10833.2,-0.0418681
10833.2,-0.0418681
10833.2,-0.0418681
10833.2,-0.0418681
10833.2,-0.0418681
10833.2,-0.0418681
10833.2,-0.0418682
10833.2,-0.0418682
10833.2,-0.0418682
10833.2,-0.0418682
10833.2,-0.0418682
10833.2,-0.0418682
10833.2,-0.0418682
10833.2,-0.0418682
10833.2,-0.0418682
10833.2,-0.0418682
10833.2,-0.0418682
10833.2,-0.0418682
10833.2,-0.0418682
10833.2,-0.0418682
10833.2,-0.0418682
10833.2,-0.0418682
10833.2,-0.0418682
10833.2,-0.0418682
10833.2,-0.0418682
10833.2,-0.0418682
10833.2,-0.0418682
10833.2,-0.0418682
10833.2,-0.0418682
10833.2,-0.0418682
10833.2,-0.0418682
10833.2,-0.0418682
10833.2,-0.0418682
10833.2,-0.0418682
10833.2,-0.0418682
10833.2,-0.0418682
10833.2,-0.0418682
10833.2,-0.0418682
10833.2,-0.0418682
10833.2,-0.0418682
10833.2,-0.0418682
10833.2,-0.0418682
10833.2,-0.0418682
10833.2,-0.0418682
10833.2,-0.0418682
10833.2,-0.0418682
10833.2,-0.0418682
10833.2,-0.0418682
10833.2,-0.0418682
10833.2,-0.0418682
10833.2,-0.0418682
10833.2,-0.0418682
10833.2,-0.0418682
10833.2,-0.0418682
10833.2,-0.0418682
10833.2,-0.0418682
10833.2,-0.0418682
10833.2,-0.0418682
10833.2,-0.0418682
10833.2,-0.0418682
10833.2,-0.0418682
10833.2,-0.0418682
10833.2,-0.0418682
10833.2,-0.0418682
10833.2,-0.0418682
10833.2,-0.0418682
10833.2,-0.0418682
10833.2,-0.0418682
10833.2,-0.0418682
10833.2,-0.0418682
10833.2,-0.0418682
10833.2,-0.0418682
10833.2,-0.0418682
10833.2,-0.0418682
10833.2,-0.0418682
10833.2,-0.0418682
10833.2,-0.0418682
10833.2,-0.0418682
10833.2,-0.0418682
10833.2,-0.0418682
10833.2,-0.0418682
10833.2,-0.0418682
10833.2,-0.0418682
10833.2,-0.0418682
10833.2,-0.0418682
10833.2,-0.0418682
10833.2,-0.0418682
10833.2,-0.0418682
10833.2,-0.0418683
10833.2,-0.0418683
10833.2,-0.0418683
10833.2,-0.0418683
10833.2,-0.0418683
10833.2,-0.0418683
10833.2,-0.0418683
10833.2,-0.0418683
10833.2,-0.0418683
10833.2,-0.0418683
10833.2,-0.0418683
10833.2,-0.0418683
10833.2,-0.0418683
10833.2,-0.0418683
10833.2,-0.0418683
10833.2,-0.0418683
10833.2,-0.0418683
10833.2,-0.0418683
10833.2,-0.0418683
10833.2,-0.0418683
10833.2,-0.0418683
10833.2,-0.0418683
10833.2,-0.0418683
10833.2,-0.0418683
10833.2,-0.0418683
10833.2,-0.0418683
10833.2,-0.0418683
10833.2,-0.0418683
10833.2,-0.0418683
10833.2,-0.0418683
10833.2,-0.0418683
10833.2,-0.0418683
10833.2,-0.0418683
10833.2,-0.0418683
10833.2,-0.0418683
10833.2,-0.0418683
10833.2,-0.0418683
10833.2,-0.0418683
10833.2,-0.0418683
10833.2,-0.0418683
10833.2,-0.0418683
10833.2,-0.0418683
10833.2,-0.0418683
10833.2,-0.0418683
10833.2,-0.0418683
10833.2,-0.0418683
10833.2,-0.0418683
10833.2,-0.0418683
10833.2,-0.0418683
10833.2,-0.0418683
10833.2,-0.0418683
10833.2,-0.0418683
10833.2,-0.0418683
10833.2,-0.0418683
10833.2,-0.0418683
10833.2,-0.0418683
10833.2,-0.0418683
10833.2,-0.0418683
10833.2,-0.0418683
10833.2,-0.0418683
10833.2,-0.0418683
10833.2,-0.0418683
10833.2,-0.0418683
10833.2,-0.0418683
10833.2,-0.0418683
10833.2,-0.0418683
10833.2,-0.0418683
10833.2,-0.0418683
10833.2,-0.0418683
10833.2,-0.0418683
10833.2,-0.0418683
10833.2,-0.0418683
10833.2,-0.0418683
10833.2,-0.0418683
10833.2,-0.0418683
10833.2,-0.0418683
10833.2,-0.0418683
10833.2,-0.0418683
10833.2,-0.0418683
10833.2,-0.0418683
10833.2,-0.0418683
10833.2,-0.0418683
10833.2,-0.0418683
10833.2,-0.0418683
10833.2,-0.0418683
10833.2,-0.0418683
10833.2,-0.0418683
10833.2,-0.0418683
10833.2,-0.0418683
10833.2,-0.0418683
10833.2,-0.0418683
10833.2,-0.0418683
10833.2,-0.0418683
10833.2,-0.0418683
10833.2,-0.0418683
10833.2,-0.0418683
10833.2,-0.0418683
10833.2,-0.0418683
10833.2,-0.0418683
10833.2,-0.0418683
10833.2,-0.0418683
10833.2,-0.0418683
10833.2,-0.0418683
10833.2,-0.0418683
10833.2,-0.0418683
10833.2,-0.0418683
10833.2,-0.0418683
10833.2,-0.0418683
10833.2,-0.0418683
10833.2,-0.0418683
10833.2,-0.0418683
10833.2,-0.0418683
10833.2,-0.0418683
10833.2,-0.0418683
10833.2,-0.0418683
10833.2,-0.0418683
10833.2,-0.0418683
10833.2,-0.0418683
10833.2,-0.0418683
10833.2,-0.0418683
10833.2,-0.0418683
10833.2,-0.0418683
10833.2,-0.0418683
10833.2,-0.0418683
10833.2,-0.0418683
10833.2,-0.0418683
10833.2,-0.0418683
10833.2,-0.0418683
10833.2,-0.0418683
10833.2,-0.0418683
10833.2,-0.0418683
10833.2,-0.0418683
10833.2,-0.0418683
10833.2,-0.0418683
10833.2,-0.0418683
10833.2,-0.0418683
10833.2,-0.0418683
10833.2,-0.0418683
10833.2,-0.0418683
10833.2,-0.0418683
10833.2,-0.0418683
10833.2,-0.0418683
10833.2,-0.0418683
10833.2,-0.0418684
10833.2,-0.0418684
10833.2,-0.0418684
10833.2,-0.0418684
10833.2,-0.0418684
10833.2,-0.0418684
10833.2,-0.0418684
10833.2,-0.0418684
10833.2,-0.0418684
10833.2,-0.0418684
10833.2,-0.0418684
10833.2,-0.0418684
10833.2,-0.0418684
10833.2,-0.0418684
10833.2,-0.0418684
10833.2,-0.0418684
10833.2,-0.0418684
10833.2,-0.0418684
10833.2,-0.0418684
10833.2,-0.0418684
10833.2,-0.0418684
10833.2,-0.0418684
10833.2,-0.0418684
10833.2,-0.0418684
10833.2,-0.0418684
10833.2,-0.0418684
10833.2,-0.0418684
10833.2,-0.0418684
10833.2,-0.0418684
10833.2,-0.0418684
10833.2,-0.0418684
10833.2,-0.0418684
10833.2,-0.0418684
10833.2,-0.0418684
10833.2,-0.0418684
10833.2,-0.0418684
10833.2,-0.0418684
10833.2,-0.0418684
10833.2,-0.0418684
10833.2,-0.0418684
10833.2,-0.0418684
10833.2,-0.0418684
10833.2,-0.0418684
10833.2,-0.0418684
10833.2,-0.0418684
10833.2,-0.0418684
10833.2,-0.0418684
10833.2,-0.0418684
10833.2,-0.0418684
10833.2,-0.0418684
10833.2,-0.0418684
10833.2,-0.0418684
10833.2,-0.0418684
10833.2,-0.0418684
10833.2,-0.0418684
10833.2,-0.0418684
10833.2,-0.0418684
10833.2,-0.0418684
10833.2,-0.0418684
10833.2,-0.0418684
10833.2,-0.0418684
10833.2,-0.0418684
10833.2,-0.0418684
10833.2,-0.0418684
10833.2,-0.0418684
10833.2,-0.0418684
10833.2,-0.0418684
10833.2,-0.0418684
10833.2,-0.0418684
10833.2,-0.0418684
10833.2,-0.0418684
10833.2,-0.0418684
10833.2,-0.0418684
10833.2,-0.0418684
10833.2,-0.0418684
10833.2,-0.0418684
10833.2,-0.0418684
10833.2,-0.0418684
10833.2,-0.0418684
10833.2,-0.0418684
10833.2,-0.0418684
10833.2,-0.0418684
10833.2,-0.0418684
10833.2,-0.0418684
10833.2,-0.0418684
10833.2,-0.0418684
10833.2,-0.0418684
10833.2,-0.0418684
10833.2,-0.0418684
10833.2,-0.0418684
10833.2,-0.0418684
10833.2,-0.0418684
10833.2,-0.0418684
10833.2,-0.0418684
10833.2,-0.0418684
10833.2,-0.0418684
10833.2,-0.0418684
10833.2,-0.0418684
10833.2,-0.0418684
10833.2,-0.0418684
10833.2,-0.0418684
10833.2,-0.0418684
10833.2,-0.0418684
10833.2,-0.0418684
10833.2,-0.0418684
10833.2,-0.0418684
10833.2,-0.0418684
10833.2,-0.0418684
10833.2,-0.0418684
10833.2,-0.0418684
10833.2,-0.0418684
10833.2,-0.0418684
10833.2,-0.0418684
10833.2,-0.0418684
10833.2,-0.0418684
10833.2,-0.0418684
10833.2,-0.0418684
10833.2,-0.0418684
10833.2,-0.0418684
10833.2,-0.0418684
10833.2,-0.0418684
10833.2,-0.0418684
10833.2,-0.0418684
10833.2,-0.0418684
10833.2,-0.0418684
